[
  {
    "direction": 0,
    "initialDirection": 0,
    "powered": false,
    "recipe": null,
    "x": 144,
    "y": 32,
    "id": 0
  },
  {
    "direction": 0,
    "initialDirection": 0,
    "powered": false,
    "recipe": null,
    "x": 144,
    "y": 48,
    "id": 4
  },
  {
    "direction": 0,
    "initialDirection": 0,
    "powered": false,
    "recipe": null,
    "x": 144,
    "y": 64,
    "id": 1
  },
  {
    "direction": 0,
    "initialDirection": 0,
    "powered": false,
    "recipe": null,
    "x": 144,
    "y": 80,
    "id": 4
  },
  {
    "direction": 0,
    "initialDirection": 0,
    "powered": false,
    "recipe": null,
    "x": 144,
    "y": 96,
    "id": 2
  },
  {
    "direction": 0,
    "initialDirection": 0,
    "powered": false,
    "recipe": null,
    "x": -64,
    "y": 240,
    "id": 4
  },
  {
    "direction": 0,
    "initialDirection": 0,
    "powered": false,
    "recipe": null,
    "x": -64,
    "y": 224,
    "id": 4
  },
  {
    "direction": 0,
    "initialDirection": 0,
    "powered": false,
    "recipe": null,
    "x": -64,
    "y": 16,
    "id": 4
  },
 {"direction":0,"initialDirection":0,"powered":false,"recipe":null,"x":144,"y":112,"id":5}]