{"gold":2,"carrierSpeed":1,"goldPerMinute":0,"lastGoldPerMinute":0,"currentBuilding":-1,"currentCount":0,"goldPerMinuteTimer":26.066718799998977,"unlockedItems":[true,true,false,false,false,false,false,false,false,false,false,false,false,false,false,false,false,false,false,false],"availableItems":[false,false,true,false,false,false,false,false,false,false,false,false,false,false,false,false,false,false,false,false],"madeItems":[true,true,true,false,false,false,false,false,false,false,false,false,false,false,false,false,false,false,false,false],"buildingPrices":[500,100,150,25,14,60],"buildingCounts":[1,1,1,0,5,1]}