{"gold":100,"carrierSpeed":1,"goldPerMinute":0,"lastGoldPerMinute":0,"currentBuilding":-1,"currentCount":0,"goldPerMinuteTimer":0,"unlockedItems":[false,false,false,false,false,false,false,false,false,false,false,false,false,false,false,false,false,false,false,false,false,false,false,false,false],"availableItems":[false,false,false,false,false,false,false,false,false,false,false,false,false,false,false,false,false,false,false,false,false,false,false,false,false],"madeItems":[false,false,false,false,false,false,false,false,false,false,false,false,false,false,false,false,false,false,false,false,false,false,false,false,false],"buildingPrices":[500,100,150,30,5,50,250,600,1000,5000,7500],"buildingCounts":[1,1,1,1,3,0,0,0,0,0,0]}