[{"direction":0,"initialDirection":0,"powered":false,"recipe":null,"currentItem":-1,"currentItemCount":0,"x":144,"y":32,"id":0},{"direction":0,"initialDirection":0,"powered":false,"recipe":null,"currentItem":-1,"currentItemCount":0,"x":144,"y":48,"id":4},{"direction":0,"initialDirection":0,"powered":false,"recipe":null,"currentItem":-1,"currentItemCount":0,"x":144,"y":64,"id":1},{"direction":0,"initialDirection":0,"powered":false,"recipe":null,"currentItem":-1,"currentItemCount":0,"x":144,"y":80,"id":4},{"direction":0,"initialDirection":0,"powered":false,"recipe":null,"currentItem":-1,"currentItemCount":0,"x":144,"y":96,"id":2},{"direction":0,"initialDirection":0,"powered":false,"recipe":null,"currentItem":-1,"currentItemCount":0,"x":144,"y":112,"id":4},{"direction":0,"initialDirection":0,"powered":false,"recipe":null,"currentItem":-1,"currentItemCount":0,"x":144,"y":128,"id":3}]