{
  "gold": 50,
  "carrierSpeed": 1,
  "goldPerMinute": 0,
  "lastGoldPerMinute": 0,
  "currentBuilding": -1,
  "currentCount": 0,
  "goldPerMinuteTimer": 0,
  "unlockedItems": [ true, true, false, false, false, false, false, false, false, false, false, false, false, false, false, false, false, false, false, false ],
  "availableItems": [ false, false, true, false, false, false, false, false, false, false, false, false, false, false, false, false, false, false, false, false ],
  "madeItems": [ true, false, false, false, false, false, false, false, false, false, false, false, false, false, false, false, false, false, false, false ],
  "buildingPrices": [ 500, 100, 150, 30, 10, 50 ]

}